dim1,dim2,t
-41.72882501426398,5.589115732173049,11.786657284912184
34.57546152180162,16.593604755553248,7.92837450941952
-10.396425313097293,17.468045412808987,10.377069086474481
-69.46337242545438,-18.76644445119097,12.907903778969217
-97.10798613638346,0.6597833612386559,13.911567768665797
-26.836629226621223,-16.62765937085038,11.144630450844927
1.322878553541038,14.186009564680326,9.801457722069141
11.462884332279637,8.704741126290722,9.280703256962386
-44.6129446350936,6.351412751665913,11.909367874198066
39.756804760232185,-8.912850128180175,7.599596810316474
-21.630226470067832,-8.38371307824194,10.911133160065603
62.9010150220207,12.638313322692023,5.8800328821673915
32.988912114329814,-7.275898988372833,8.03996661563141
-50.599436355322396,-19.596964227736038,12.163192848279659
-98.54274807902321,-7.494942221630438,13.991841172913677
-45.22835048361667,18.685292256974535,11.914281258223761
-24.090968899563833,-15.96069781769915,11.022091776538039
38.688294347932235,-9.247715128875894,7.66915859283308
72.86034734763004,19.33177783605405,4.944642716059093
-66.50100733276946,-5.421285215607477,12.792336539788087
33.418421113955034,2.3074141825647647,8.006770400331689
-84.10712305354855,-20.60008202152139,13.462058467608358
-70.81604661820779,-11.680915424373556,12.963595151909683
7.68168943179545,10.937460677772053,9.476199480467152
-49.87217807312739,-19.77802624472349,12.132378434869093
-69.66233741920914,7.678821723712011,12.893241062298367
57.044399873830905,-18.77133103403466,6.371592465274784
-15.068678546731352,-4.6754236967406575,10.607248172527996
-5.672802303834364,-5.687907388600658,10.157419631829356
67.0504995132033,-11.876826014726879,5.512602262077037
-32.62373801227534,19.15985490515472,11.393657217880817
-24.00706991667094,1.3652534673443237,10.99538291168205
-97.55680554705913,-14.959048915236558,13.954585748181618
-30.76797570713725,-15.129928834847703,11.321281436516475
33.11330573787561,2.7604192259237093,8.026596562374833
44.49835599688683,5.459468855926246,7.278095644946643
-86.72637848397132,11.317048316084879,13.545060821833996
-58.979565966120816,8.415896211362112,12.490118098081437
-91.56266107991236,16.34706486802859,13.726931608821804
-42.234257912428966,5.440492414502554,11.807957079221826
-8.134987060566445,-4.474199760262598,10.274774042398258
74.67912810129704,-9.285602843965274,4.7712974382670685
2.8120763597201566,11.732207477809487,9.7286228859982
-51.22496235411986,17.767641919833533,12.16592099157234
52.34725076739153,-12.430969533387326,6.71739220592911
64.99364979815114,5.653008751669417,5.696300568922523
-78.39316580334545,-17.900590404851474,13.24903661895535
59.421466179719125,-2.7849701919146503,6.1731020951144595
59.679219337244746,20.335616304077867,6.1418950644858565
27.13455246613089,-18.54378096700879,8.395173787503388
62.258613714545966,-17.638483853836032,5.943163355479064
26.344381046296657,1.41136989990138,8.435702689514464
-43.00448451117945,-15.448132344464783,11.850496680813558
-45.82223012195602,1.5250509131525734,11.938511293062268
-41.78342559968424,-10.358459392407177,11.795248016145559
-45.740351922197895,13.469069682847751,11.948016384292792
3.6317689843160523,-11.609574908272094,9.68993251987847
-56.12144878822883,19.238145444871538,12.367966707450936
-21.753140897145407,11.7182845071209,10.904096684227415
-49.15982625072481,17.097720485536257,12.07663212744396
24.815411639393623,-16.78699173114758,8.531328306637667
74.35744822794743,-5.589999832533118,4.797524022471774
14.512536799074757,-8.943164144895755,9.109076660864556
-34.157742315587114,-8.423068345421319,11.465964193903114
-48.21944389461485,14.512166316220593,12.042003690661495
43.52940969725467,20.427251635152313,7.345266230885343
55.86308108086848,8.366932716955178,6.45229875743072
52.021464889548376,-0.5848391492567652,6.744518673582316
-21.977230553023276,16.11102851610326,10.916468971841114
49.39789461806027,9.558722015859306,6.931392006702706
-97.64265946631554,12.688300922617206,13.946034614833293
48.434142737181205,3.876124184320809,7.00223846185374
65.72024842190815,-18.862855200984107,5.651525605459737
-34.19988591824303,-7.89759622628868,11.46842673726074
50.49058134942493,18.33394291905378,6.855046943328713
-6.733499118917716,-18.39335285670279,10.228205262925695
30.260157509157967,-4.638316268945113,8.202344967432248
40.98042526685742,9.26534716608795,7.518234678098046
17.52861040428781,-0.6385253657891071,8.943766481735233
16.381188050064665,-17.519596685387434,9.013764560597972
-23.267439582029372,-13.574371396444814,10.986329438151365
64.40463710420076,-4.83787194001504,5.758125105986644
59.52674553008006,2.4264041217043237,6.155270994877073
8.087586985092852,20.29216287074825,9.442047287999056
-19.997108672116997,-18.38473201850703,10.834232180451762
0.9780665883765346,11.667985705409931,9.822698908166355
59.47912671251653,-13.922645967162712,6.167953495574741
46.16840940150736,7.795325606621269,7.166451506667526
56.76298939000859,-0.5698898869793934,6.384333631649286
-17.092630236181755,-11.384291105972801,10.701335892312134
16.411405396702364,-5.678895742568589,9.005960637398129
-92.87812777917635,5.031051948335435,13.763906642895115
25.865476073184723,0.23017079710323582,8.4654881799446
40.09151577312283,-11.13380909938412,7.581804039638473
-92.82641852040196,15.531133645726477,13.767340020556366
74.96895406901909,-13.527506941480189,4.734326123816918
37.86991759751359,-14.569138767259622,7.726160471158973
-27.908707958012098,2.570334165219402,11.175909649257221
-87.53288153783089,-19.1889221236486,13.589838504870336
31.309992122222404,-19.450120590076946,8.145842183602566
30.049294566273808,-1.3328442924597077,8.217998617250814
-87.17433936604276,-2.0349591263092095,13.56967247683896
21.01191873545875,9.293468305828931,8.751110163693891
33.10248999386091,20.684882829640944,8.027456222030667
69.95899231863602,-19.104209498324753,5.259539422745758
-34.69023439017861,-5.19376245236684,11.487720815463446
-96.48895225422585,-14.093104942978707,13.905287940992633
-75.53927579946559,11.369912780973754,13.126989726724663
73.3979380537432,-8.600385416805672,4.90841231966804
66.69749752486872,3.2166739375797975,5.542212993731409
-51.032936564671154,-11.29327654501468,12.181404143342899
-75.12493862121862,-15.501141256230099,13.128788566442493
46.176576883014896,12.181187345179474,7.157545238560019
-35.600225860754264,12.026205250527966,11.521095026094617
-47.13436061933096,-15.04983124332703,12.02515077300574
0.18763250207655097,-5.253699354866609,9.863677222905956
-46.75267504963159,3.8366240547404633,11.982747515325636
-2.3666426825800935,10.007607350109847,10.010694888813932
23.49837422806749,2.990088514432664,8.604891871355884
59.374974452586734,17.752535123733235,6.162298538951038
35.072287790289,-10.18892153989333,7.907316507903891
62.54929649847805,-9.384881676446348,5.905754710699969
47.53575086689334,-5.321619244680701,7.07379157600873
24.668127092063525,-8.634078453281392,8.534370148636704
-6.0289379037888295,-12.11834404356488,10.173166364105933
-82.95263768137946,-12.847229691708868,13.424721861806471
13.714214495342931,-7.028796564929086,9.152875480930922
-90.65554917556277,11.934467532325055,13.689186336159706
-99.59216654365473,12.62698639389267,14.016512335524606
71.06073625614745,-9.324150840509883,5.131166721042195
45.488066658171164,-6.22273457368994,7.217600294937145
45.05724664948132,-19.69585344110843,7.255313071653043
8.676241235466597,-11.100450389580331,9.426023507241304
65.58709564949451,-19.203431398682113,5.661433520655432
20.7558310328333,3.7639852463751926,8.76470007179109
-31.170867834788993,-13.604746560826717,11.340520563357515
13.75795350548187,1.1768558489646537,9.149225602673608
28.23758737614016,-12.654878264059473,8.325289772940547
44.50041385648572,0.021807116640389288,7.287395524337915
11.761792408057653,-1.1229444902386965,9.258269019335632
12.678449218561008,-10.5300325769811,9.212900257311114
-8.815282247393611,3.1356972340263867,10.308610813341941
-33.21039688477275,5.949877542712484,11.418075541314332
-93.70188455602332,-10.427793334750222,13.799046632118154
28.36443695707949,13.312504439675509,8.316336361260296
18.521105020564576,-16.1172113432671,8.891310428462234
21.23953205684167,-5.451894814665411,8.732749261876721
-70.42453667676261,18.837880585128676,12.933047407265216
65.28975416764632,16.072437813837897,5.667415922356065
-23.67516872716737,-16.40711394434367,11.00065669401934
18.63269438736636,-15.332433302035943,8.884712946611966
-91.664581882091,-9.135162683026463,13.740360687276988
64.44156324709354,17.35336014626339,5.738740537385538
14.467629601871964,-4.632278253992405,9.116610121500141
-34.349480301977344,-0.2237672472524152,11.469859481119531
-45.342205042097525,-8.873207152451023,11.94587262228851
72.86568823258474,-11.63730207622303,4.95454589580662
37.153423217373295,-9.21802610037509,7.769680867021829
-15.301143209259312,-14.062506860685366,10.61905872823045
9.132973254922815,11.816061158898107,9.397000631763335
47.831398085382354,-11.630036428684598,7.047152082716462
-40.66193922604606,-5.7894684860644094,11.744824300562762
39.19197842075419,-5.81735931320545,7.640152736371397
72.52842050208659,11.65070393934143,4.9774124639351
26.28228115749069,-11.773507340324807,8.439332516073584
17.8747720518897,-12.321464995717237,8.925080101224871
69.65971265966496,-7.442541012404354,5.285803972010891
12.259946256439086,-15.747381014059735,9.236952344988874
24.602628632951205,18.669882239543337,8.550953240225251
4.182289090224007,8.081925232575498,9.667058988277907
-46.95422616495976,-18.733921731164216,12.008545149809972
30.9812792231716,-8.444496828379302,8.156049164103313
34.58899438913872,-11.975567893814382,7.934015731562858
71.23755066977907,-1.299027731510814,5.118662594593904
-67.80000913411189,19.830960494182666,12.833135884727138
-61.722100624954095,-4.134080964099056,12.602645784604086
-68.95544319196286,15.492921409873963,12.882094946707667
-77.94957557987958,-9.042437756760991,13.238613055253147
53.5692959862458,20.882480767205845,6.624202983300165
-76.17889016678546,8.74565429465098,13.151676350501415
5.554676557768097,0.004869988076913072,9.586279499586754
-29.587514913847368,-16.43541546112094,11.269114510190223
-85.52744215321815,11.85941589195121,13.498878479723356
-25.192249279863432,-14.377490166620543,11.069282374096899
61.33048000439039,2.583768695666004,5.999581273924283
7.234719388097277,19.92542285264319,9.488338630992128
-47.181813490279254,-6.772394624723733,12.021614441487072
39.211991973804395,20.3606612724048,7.6275406579442
73.6380007494723,-18.605674254831822,4.8841933765679695
46.63495239943438,2.3290916832173605,7.1302854683264485
-44.742300034424794,12.274714955850245,11.91113045341856
5.32675471253343,-13.972469537195972,9.602298667515427
-51.10187289937843,-11.007008823157577,12.184495991421018
-81.49545399379515,-10.749567741330235,13.366754333595276
-74.89380853734683,4.842602241968941,13.092482607610762
-65.6722138335959,5.641928327007319,12.732612445693922
39.01032433746032,-13.07046177455389,7.65387173727399
-77.85987381492143,-20.304776112716816,13.23278332361882
50.52407474274838,-17.03296297405151,6.858993402067197
4.865212415740956,10.703151788779383,9.624517511602859
29.012346191929996,-4.3335269960896365,8.280135008326326
-5.37272688382353,4.8219355915254685,10.15050721835494
14.341067676405796,15.093282447098542,9.114559201871602
-65.50034336527428,9.508932008692941,12.742442101836081
-71.8395616408269,15.505634108748284,12.99219765787271
56.98240237876375,20.81430687184019,6.357212769237714
-20.10211475071303,11.800315567912891,10.827075044563113
-72.50577370234865,7.402173264630222,13.0032993518609
-48.03902264458559,6.876314531561295,12.049520746096762
-28.332175237090926,17.80181987819774,11.203589266727894
73.75920055494431,-18.983977777129226,4.885488948729881
8.700541993884396,-7.471325226444121,9.422652867233763
41.1031475757221,-0.3788075588611343,7.515989011845179
-64.99399542988435,12.097931635271793,12.723575369370112
48.739003861923244,-16.79380388203622,6.987118722569992
37.4109552413343,19.87216581146576,7.745339148148014
38.277161947533294,-9.186550753476975,7.696345341183351
73.31106826765918,14.445726155201413,4.8896752291329015
26.63958286195436,17.58987664339158,8.412201029216837
-38.01909767154387,-11.769636978020841,11.636732957868611
37.709302687525216,-1.121097766295944,7.736180433085296
45.31624514927339,6.845506618349969,7.225883018600349
-23.2501106908079,9.294706607980729,10.97671304447828
27.974848028493685,-12.948061461934342,8.340479468776165
27.318709083331818,-13.23688591010415,8.379577955235172
-21.595182523978607,15.053770256599899,10.896724839424799
-85.65795064046031,9.760182573079268,13.509764982897044
-73.61551821619544,-20.605332367376914,13.06451974729499
40.809291265542996,-3.584917571399144,7.533290720514828
-9.700466486169557,19.095431706385256,10.344317081318902
-61.693194546859004,-11.68064838036381,12.607621618089567
-63.62654690678714,-12.558417770675666,12.685050112372881
-56.66401940556394,12.67842983577749,12.394070772155377
-20.978648342904147,-0.7156608605335649,10.863095238456111
54.13634355588553,16.36312015017824,6.588651895667215
55.053618699183865,8.881925114301259,6.510924173227688
-39.24473838136851,-9.420581370000452,11.686371480345093
70.33526980687992,3.3132441937321953,5.187022284722438
-80.1317337303722,11.580230134544063,13.298575237912537
-29.719041974244234,17.777341627298025,11.264218300600852
-46.06954952477847,-14.763278020977625,11.980346338695787
-68.52479053090765,-4.282489726660344,12.867750903002863
44.73150086810937,-9.882865738802037,7.266829472574823
-35.8036526562568,-11.201220077154128,11.541977796695098
0.6581745933787674,-15.653652122856306,9.844114512281969
27.818913948549813,12.671625110644186,8.351355278340135
62.307339875875414,-15.435123763986281,5.938196585701567
17.431020446476744,2.1308190892703456,8.950613872121128
-60.32187012509864,19.401891919453607,12.537277836120532
-8.164598750320051,-13.458843087229651,10.278495028818492
-55.43704198610588,-7.370833622753512,12.358416310502012
62.13033123559424,-14.303322039232226,5.951355509201333
45.0663710799592,1.7398184859721397,7.2442941301395045
68.04550161521428,5.48053328166581,5.422810325709045
-19.746917191965675,12.237726625012398,10.80854455184331
71.70522902385792,-11.320114951378285,5.069374660991603
73.25976730229947,-15.012218719312482,4.914451377854209
-3.2838497331670813,11.271224948575409,10.036923571067131
48.96002532745199,3.538672337480427,6.96492456482818
-91.27627487538348,-8.98058874193295,13.726797873028506
69.93563115603904,17.50289235131955,5.2433512671586815
-0.18063469524381687,9.032110481273824,9.895532310523029
8.680222453661516,10.973054211516684,9.42277260958249
8.545240872378313,12.69910029344335,9.428450538120291
-40.87674999230178,-11.656180541585107,11.75798593416827
7.665300228128742,15.593728990025763,9.47283541318824
74.02574056419635,-14.037907290192877,4.834725699533931
34.154452709989826,16.989770570240726,7.955160202366349
63.94585243741721,-12.125829076171325,5.797976931318007
53.622846834577985,6.804810157730531,6.62050283863929
-48.63373555435141,19.137956862310798,12.058288934188706
53.40226330095901,-9.560941485764879,6.643876765953326
-91.69227577282754,-21.03387194349154,13.742673973926234
-22.938315753491786,-6.432367486601561,10.96803171400441
-34.21365672513844,-17.56420661416342,11.471694085051443
-93.30414382725418,11.700037736638093,13.78875581262236
28.586044249275147,-4.606589383610677,8.306735563802338
69.46007656334355,11.882123458025664,5.276832098804902
22.505622998199144,17.552925586605916,8.653401295406393
-39.01209241021291,5.035368853935434,11.669352109019831
-22.487206959252354,3.6068912619874554,10.927693553929528
65.71726686326723,-3.629505762270641,5.635306294843664
-27.83167540621736,7.886641298336739,11.182893458415114
38.076735643550016,-12.744543047411764,7.711979652286272
-4.337814010382872,12.361842231975334,10.088961659310417
-5.123217077254495,-8.962738038380827,10.130355723269114
-9.658372358899301,15.126419805723584,10.343204145583963
66.53396205801573,2.0121475859966815,5.551911066123514
-13.390751343148535,18.33678501128717,10.520246463345698
-16.278188533465432,-1.958875723302282,10.65923173022346
24.916881447303886,4.810855266078964,8.522224509503516
60.12902835917379,21.66620618776684,6.10780103729848
-60.67306120637967,-14.041793650357976,12.570886920268087
69.73547151060538,19.77400637216314,5.254878002441224
-25.27203571136724,6.498906181393744,11.06781618725408
-64.97562436429297,-19.072977978549503,12.729129066127607
29.409066958146074,-19.78586874871011,8.263682712767698
47.24858483159575,-0.04015835618868347,7.094704627503402
-60.225172784508956,15.838873885810461,12.534238525936408
46.523408188313006,4.131891569574616,7.137527754023665
-3.408258272564389,1.2320653558633838,10.04326321681898
10.642753104222864,19.164670699144207,9.30967469175398
9.983394995407481,10.305701269792847,9.353727843034722
39.206059772650846,-10.120476263161144,7.636908066449401
-80.02841168364598,15.336127389492876,13.302438110968263
41.37717124847981,-10.814122077106754,7.494023265111882
-88.5784468916109,6.254716153101435,13.59804423824831
72.59442479971143,10.122110877538956,4.97643843064319
-22.379721373015283,-5.189348771969319,10.947320523978101
40.4097774217913,17.18537158103893,7.553064312854019
-101.07045053087802,-22.17874609253764,14.07517217579042
62.41821530490581,-9.196292698800685,5.917461956882758
43.20729348478458,-0.6874933871302069,7.37176134322438
11.020798262407329,12.147940601576229,9.295261497660064
33.975656956459545,-18.650841557895458,7.979057070504047
-11.436283231471387,-12.081887653403674,10.435288945987283
-46.82176744169307,-12.074215483571427,12.008437192428799
-101.12282791316848,17.71868008090653,14.07185707476344
1.6232786204683636,-8.80214600882152,9.79035041189425
35.62279271507919,14.842830619437441,7.868285533838418
6.463941888872942,-10.24685878310527,9.546619894389623
-35.57058383430105,-13.802800781806157,11.532495974004593
-70.44309298468417,9.223664394903707,12.937106169453754
-23.704990175627852,-11.550847459340337,11.005710708387843
-7.826337194953983,18.70586881093081,10.253006461086729
-59.13430291172961,-11.044196382267682,12.505335888898204
41.73736240683886,-12.965539859593166,7.469820243933044
48.25043598848581,0.37709104060405824,7.0211535852420415
70.91399737467282,0.8559012167561593,5.145544492206719
67.6875776763849,9.252008095688055,5.445447641946537
-70.5266071062954,19.82420004858421,12.940059051092776
14.405366327229846,-3.3051215960179565,9.119648353697231
-64.39713378408241,17.845748752883146,12.699257956357402
52.687558278831055,-5.235686003272683,6.701139115570587
28.77242919088293,-1.2155683860550623,8.296177076030377
30.72654119511031,-14.265242653531539,8.181575368319834
52.85379120522425,17.310612900284788,6.683699594006374
-48.14088183326583,-4.486029164208639,12.050788392329473
45.42321509213104,-5.850200818331285,7.221307758413848
54.39221146399014,10.455045324897897,6.556484180397194
-18.6938863598585,-2.403099678580312,10.771607153516506
5.564756887382026,-15.316253196546882,9.590763624944193
-99.8272810926856,4.90295359249219,14.012454698091801
5.445690934396882,-17.892559830544926,9.599719890768343
-37.865434801291016,-9.225029124102525,11.62774645006621
-32.110489972551555,-15.08698642036732,11.38072398501743
63.873959934421904,-16.927056551188024,5.803129005571193
28.747046485384715,-0.8880382494832934,8.296552133507905
51.01440056924912,18.70847045522813,6.8170596998718285
-57.086990770105146,3.35029974529253,12.40644637776077
35.1162948283144,1.8328814047758435,7.897080641557639
69.97317408375511,-17.166918570896883,5.251253038531388
19.623673560722363,-15.532721992356525,8.828957118574762
-65.30095512596829,2.54936555112296,12.734866362896359
32.50116289210358,-18.111716969835182,8.06982384727848
-14.918696470788367,11.041666042193015,10.587399641979536
44.783074381459436,6.277023904449809,7.25932504988817
-80.47321591453048,16.371083258486635,13.320777401168453
-81.89140024425483,-20.28653912607256,13.377993384202265
13.527890640328302,-9.296670822241726,9.16499829733481
0.03935949016394633,-14.306300010465733,9.873332923406924
-98.96168026281596,11.90730326189059,13.992102359663118
-23.968829050375255,-15.488404148543015,11.017797757501558
53.65337715030373,-7.331145921489799,6.627478187510109
70.46574863908688,5.456624768213676,5.187374786817622
23.594573739964023,-17.855752461827183,8.603637473687924
65.39911969402041,-0.6482473134175754,5.662549628632219
-90.90559387067272,9.566005264912823,13.700077666045644
-1.9561730279254794,14.562844098968755,9.968640152221065
-59.115980981919705,-20.074970138667585,12.505064247411347
-21.242773566160782,12.927563179330996,10.879793536552251
29.302447035635986,13.140112870476194,8.260847672395826
53.175803961585835,9.361480190662148,6.6525293318776955
69.30602113569857,2.6844253186100286,5.289312535550113
49.03102934511012,18.339330807752425,6.959333785693592
60.15368041309597,15.983714515765504,6.103261165567086
-4.5373816411729955,-18.21739699254961,10.112678091997457
-68.76761089349104,16.736668241958284,12.870650530607863
41.9999538338781,-12.78901007755929,7.451344339936393
25.036872787724803,3.817527425519619,8.515362700435206
67.30113283323239,20.44438551111471,5.476468658714035
-61.36645896345606,13.513075720052653,12.583045799715313
-30.304793825277205,-0.7447147854417083,11.290208237109455
56.90257812509513,-7.099232034901568,6.377375229804421
56.34453888976536,21.101785785070636,6.408804309989146
-102.3136413245486,-20.612426612016158,14.08481484791553
52.124301072199174,20.5570083827814,6.73695721308825
-23.607208585949397,-0.8671882932878336,10.988794188043379
-43.720238634188185,10.659578252342104,11.868680684146685
-99.83254138627234,-10.47084122948508,14.02564653389808
49.77845332732294,-0.6434972885925846,6.910450587384379
57.98041835906613,16.010243890545954,6.2861665040116605
27.098350536176024,18.671464821586007,8.386537037326486
39.708086461143175,-17.471459809810092,7.608726078224299
-19.80191601729845,14.834862316176565,10.8132253747064
-6.374969175423143,-13.424080213645663,10.191486678684136
44.67189555400419,20.763912387295125,7.264242140002293
66.01583040037515,13.34458426906756,5.597596853569463
-97.79268518228699,-4.1392310349149835,13.963446640725126
-32.90324572226827,10.03121033884231,11.40806104999084
57.35302996231637,-1.2401336671286254,6.337919867990218
-17.105621646555154,4.61990313648756,10.687523779916413
72.3559455848937,-16.07491040762936,5.013836587308737
-7.010633372679142,-13.35094196849498,10.221810150337221
19.597367858238794,14.774726665505128,8.824473049613578
-5.696066127212323,18.281725483521107,10.148181111106517
-101.8069408208705,-7.756350402566555,14.105579910637706
-21.222507184580774,-9.320824748415102,10.89143805929736
-63.77930324610255,-7.874380139724017,12.690499101602564
-42.60368624483378,-5.7442056404589446,11.825701859955064
-8.61430809600059,-17.269425699980406,10.312243547068848
51.559134005886456,13.869817535248531,6.771409970297872
-60.62321102198188,-16.518710181192013,12.572379033192504
-60.713239006281334,-5.380023742218487,12.561472105654389
25.2204840673679,-16.09386519758698,8.50716108526571
62.39749810133458,8.880353101013666,5.907700387090318
53.75696842490823,-14.610651649081184,6.620408607976623
-27.202261412411588,-8.064395229278357,11.162444571242228
-101.89531497242314,-11.674186529905606,14.09856849284225
-60.07982090941165,20.14111357381021,12.526266648446905
27.54810688033192,15.809151540631309,8.360363211912547
-51.363005584099426,-15.572793716066762,12.197325109940858
-15.7139038872971,-5.785115440818244,10.635885190657332
-84.59505976738163,17.182748672446365,13.46969471605238
49.66484660141014,-7.777974466373182,6.9240314803434035
21.08111374008935,1.3045331021912472,8.74224793894052
71.29609921406791,18.129027688514352,5.10346236225759
69.59649361078296,-18.94095628655128,5.294486897920055
-59.73425007976003,-6.945642396668968,12.528876627537723
-71.36269961880272,-6.425387083680123,12.98223671188241
52.60092969176527,3.9203558114119836,6.695925254275069
-80.294203755662,-6.478351635703652,13.31736915301317
34.02946638159746,13.541585921687474,7.973025006501061
71.07667347201107,14.634886823620501,5.109548818567439
-60.076686911083904,-14.04004218700708,12.546926006071851
-92.50144279019983,4.8854284016869,13.750202474394703
41.238209058442976,1.023675455038782,7.506025047317812
-17.71807987580702,-9.548386016491651,10.726199617019923
65.79373128410882,-12.151639973880286,5.632467677942585
-71.3847195953681,17.75291593530416,12.971146428460406
69.29893201443562,15.06841375516055,5.2785142823951405
16.783741154006172,11.214528185844308,8.981993628205299
20.63428347696725,-18.687423556630886,8.777631980581965
52.202765976062175,1.9670352163297031,6.72442696598335
59.69091814475786,-1.813867804444167,6.152916372982099
-30.404821236722682,0.5023304216289654,11.292300478490981
-72.67717044430148,-15.295702693003577,13.020685636938357
-70.7467535377801,-8.618578737465905,12.963523847101978
74.25027513999414,-1.4699893143168652,4.80816566399441
-51.081122662245676,-7.343348153918662,12.18213562674781
-63.45334870620633,-7.521606232441273,12.678055547627611
-1.6334670417457584,12.818940019959168,9.953607008453544
51.27195022124592,-6.926050604801114,6.802997057455081
-13.184257134478372,20.093109581095792,10.51101473052377
25.852052812187505,14.646421825209622,8.462382264910522
-11.20903004973452,-13.924577410762843,10.425591309373921
28.396460187788303,-19.965715575069563,8.32590441510264
53.18421703689737,-4.576178232027853,6.663471968230449
74.63636940397811,-8.591939282931856,4.775052110455297
-12.697810943747273,10.44647429067126,10.485660319417974
-50.8114293977389,17.41102060115276,12.14828884888447
45.754584183721576,12.013892589409723,7.187752172147476
-96.86535616401972,12.675043921333389,13.91818900230182
-18.705320257486193,13.763878221421127,10.760496394490433
5.809626438528714,14.130641996778131,9.570204483568599
-47.61340036346165,-12.034905970104322,12.041437900944041
74.60081775464201,7.163163141109144,4.776116537625543
20.595281150545727,-19.728058953777346,8.799344229502088
-100.90660680171798,9.763339674552366,14.05408609295416
48.628972550897,2.2023670255038486,6.9889012388454645
-34.00426179312633,7.892021218729394,11.455257392946946
51.40451455670109,1.9968657773632104,6.785385073205658
-53.88803986360094,-13.426299318348605,12.297857113903705
60.233360419572946,-1.092579047259636,6.103286287041999
-79.29498494091534,9.45879854852196,13.273577089773005
36.01017684157534,13.467309474526374,7.846837930377266
35.24338346472747,-15.447837483895803,7.898465808449481
-69.4020011083711,-18.41873283620796,12.911062557436322
32.602815196125945,4.343265721602173,8.05544571997672
-63.097826175666874,-13.853611580322575,12.664758893263073
-9.18048953124166,-14.095586668283046,10.328241544575695
-77.61891411411581,4.486713292534572,13.200692784901213
73.37688621295571,6.240138730289149,4.8984472043874545
19.645310682006183,13.619939681425347,8.820804819954464
-87.59969416362239,8.42508887462949,13.568677883359971
-24.44314269998731,11.879218055924264,11.025217137989454
-100.53203582355285,5.970102196591001,14.031551896178492
72.20577551068364,21.062854107019046,5.012021701669377
69.39192690346118,-17.336499826292187,5.309284383163556
-73.25857813425291,-19.658098810222775,13.05524541256709
55.38992730730898,-16.560109803262215,6.492327157050861
-35.11484445450955,16.820411740990757,11.4971269467227
-65.70638763872432,8.74970848119761,12.75443350511681
58.62911142645733,-0.027010306454544792,6.23705621543387
45.822933046706794,15.715504429197338,7.199928098153843
-0.5313233895373893,19.333653197343263,9.890798875749503
50.0688699765933,-8.21195194330194,6.892892886107958
-15.547017202213434,4.323206833386003,10.614481563969237
38.691616191190285,4.20553658029745,7.668422266532667
60.313163605764885,6.695117812510908,6.097308962077657
11.42707409631151,0.9677771733334118,9.275091727429336
19.89536933966363,1.1301209114685318,8.809046386449108
-54.84514324816862,7.200323030119157,12.32796201868924
-27.50715656380638,10.619593908513849,11.167549483968186
31.15029627350372,-13.735217259566294,8.14872633350641
30.052064359631554,-15.955078692159876,8.225703147710487
0.40656059046946824,1.7356093832070478,9.850060133448643
-88.98778947581287,-3.684156690098674,13.644727436831145
-38.240838508087,-14.063746573326592,11.648420556724515
54.489237791850535,6.904340789367698,6.55439974456942
-97.04763694959712,-13.700600172616328,13.923125761398136
19.4829355377062,4.072327026091907,8.838425473445747
43.60988180792443,-8.47772757667453,7.343739420190548
-87.94490340250884,4.138214969191041,13.564581764796591
44.474138530213004,20.900680142129993,7.2770736492114025
-5.478951255129472,-3.754183307026535,10.14833553040186
-50.15201604097004,-4.109783883286254,12.1318801387364
-20.64350490522043,9.025647481334858,10.854853240013833
68.97671212483795,5.688161078757331,5.336094955096461
44.21996836357657,1.04919050300457,7.299331500290377
71.6583887922733,17.46193867433398,5.069194498654262
-42.86929376337842,6.356635794229589,11.834062194119484
1.47115391988107,18.48136364349151,9.7885822175227
65.95385508741465,-17.53036064673963,5.627762655684435
-46.40031017369898,5.021164595034093,11.977733360369136
35.65174265867669,19.820432842897812,7.858588562392065
34.77004618492392,-0.8880503324936425,7.924505059602645
71.57707359929225,8.87757957033458,5.059563804317242
41.75802733155056,3.5929983776962713,7.464405124206401
-1.4591159129614528,12.945463114685476,9.944637475644667
46.31142928334587,4.455648657976343,7.151997342594079
16.003771302364733,7.8015452127312175,9.038085203135658
-87.9191638562731,-15.307582103815456,13.606895453835728
45.50680550094992,-5.8339064945253165,7.215290941944249
-35.7155381119724,7.534166353348617,11.526952656544607
-11.396286812887832,-15.502077566956821,10.437959649456456
74.38839524208858,-17.473311618555798,4.80398397151578
59.53192335339954,-7.335846496961842,6.165320243330696
-8.984852578404912,19.836123384530822,10.307483515262998
33.263719412598704,-5.039745598896903,8.020570139587715
5.919583010438404,9.145170414748822,9.57322210467603
61.88047560359364,-17.834224809482336,5.979475432672121
-10.492023488608224,18.907889500061597,10.382393417676736
-9.568253955331325,17.475206166141767,10.337467080976625
62.17292808717651,-3.3268609225906305,5.941336765326428
48.130115912408016,6.389927257721053,7.026429710630893
-55.88125315516864,13.760634705256752,12.35825880826866
67.85548259059271,16.04004104653213,5.427291087853866
70.5883491551262,11.146697474415449,5.1699848965002735
73.72494610760518,-19.106971948288262,4.889491902864867
23.18017964190418,-1.1747778356269223,8.623478460973992
20.6511757751365,-19.529646127841456,8.789751625330748
-39.95055346865249,-19.095270278282282,11.717230909847737
58.984016778677145,14.978391658843819,6.199328094486648
-81.41134373905567,1.4097031096532382,13.340205391104407
3.9956598567169257,8.036128171750118,9.677302129804097
69.07856737030329,-14.464551004635888,5.3162703320139615
65.98041205237504,-15.74073970895367,5.622561399314186
-87.09880483823802,7.125349162337085,13.54901441517025
46.59878560289274,19.55039391254493,7.136202463108031
-39.695833608983854,-3.9947758604027412,11.698067275265537
22.40361922519297,-17.426028390006703,8.673117494998518
47.86228752987041,18.792439981060625,7.046479094252235
-68.7956176490135,0.2850473899453445,12.867644302605465
2.545301092579528,-7.6042585087241905,9.742716245322447
-80.03858954830336,-12.579538048695074,13.316870622930002
59.523387145862856,-16.84911067377848,6.1683387699330785
-47.454170642656344,-15.255578669417785,12.03813712142626
55.15620270091239,2.013515619917581,6.502546838173343
55.84071442615043,20.59229027195885,6.448362194941787
47.20600240015042,1.8766369561367524,7.092215455808358
-26.634263812848832,-14.352122538689052,11.137313397636712
29.681881356026715,20.565937250972453,8.250935930646554
64.20703664272077,11.596245734011147,5.765378158281692
-19.762346577680027,17.086530395680015,10.817312073741364
11.443505719877596,2.603889724648718,9.279060899812773
39.22670124667509,-9.771537211898666,7.633844833620249
50.28017523028491,20.358726205148823,6.874909185565764
-22.457298437845868,16.396075646778883,10.938151605101776
-21.204755555369122,-11.34962023313367,10.892197304220108
-12.796550995630865,-9.635685091824142,10.50081177495653
21.719038118564086,-7.1320992881524905,8.706350234185074
40.07643080331929,-18.610919148008946,7.586021018015382
41.09546368292399,6.450516068865608,7.509869448667032
20.233110807439814,15.017198970677434,8.787926798799482
-15.933661856630662,16.466886175597367,10.638207080794201
-71.88735476470788,-10.422186839530722,13.00506201015039
-47.13601257364746,11.09887385744129,12.012810781152584
-77.25244194776526,15.898507361722457,13.199531632949395
48.480181087443746,-15.25438948856977,7.009237461057314
15.081653795291452,2.966892258844185,9.083286534759281
62.34049641036158,4.926863410575646,5.922654058126015
-43.32615900068522,-8.558997401247407,11.861316573102101
-69.07578892334341,19.490836038403334,12.884026421402076
-7.563445578419583,-8.86714188864756,10.24904003503756
-2.93999277161847,-5.194155829194746,10.021771887290656
66.41120453520259,-6.734320520380051,5.576900951104427
10.801228344944956,17.971787702065352,9.3055169575661
-22.78597097149292,16.55970974942155,10.95280515390503
-47.96775048449461,-8.481467530448725,12.055411823039352
64.63478431371445,-12.13961498025166,5.737393656755585
59.238116921078316,-1.4560352939189376,6.191137641611868
-30.9443429891431,-6.731774749639234,11.326498555366145
-70.91404020037749,-14.942914526162488,12.967661314565289
59.637118245138225,8.903827382044119,6.147989635119227
-62.836982904989135,-19.201183354762126,12.645874245658668
-9.54448655547541,-11.56516128355941,10.344134358686414
-59.03064927193755,-11.000015587243917,12.50109347624106
-41.81111272661736,-16.84834285728811,11.800738063054107
-6.257703480864669,14.034017133978285,10.180307567580956
-22.047920813628664,17.064388588857764,10.921756903132346
-3.5295265766349426,4.283522786035459,10.051733089652659
44.2569950433085,-17.437659104710573,7.303288974812606
18.653438703747508,3.328988151564516,8.884445082896606
-94.4616618771151,10.901977836745887,13.82964666072395
50.930069268888495,15.460383148445011,6.826859967520983
-69.45532355476897,0.6782318522668304,12.894978584244642
61.79723212884194,11.570019450848148,5.968870427585691
-1.6497657996930664,-15.62218095384806,9.960179892081388
15.925363967081617,7.133444955594191,9.04809773815784
66.02227098045128,2.944602372392442,5.600682423771826
49.838403771938744,-19.456512827389314,6.913921099319539
66.49855593289774,22.043094132051106,5.559022499158261
72.77232422936432,-18.4375463781683,4.969012562815363
29.525422882686176,18.789132309088235,8.23821536673202
70.92820378914436,-8.091431009440033,5.15612743379239
29.435231706932115,-12.843179064912768,8.250865050633077
-101.40746077681038,-4.501685051915088,14.090929196878147
72.60040086336153,-0.2058501759468426,4.978901569895327
32.10445422953928,15.830459811467849,8.085181256409506
13.054686283544907,8.64637499848094,9.192248897335675
-43.22225548691241,11.545631804311837,11.84694039521824
-32.55734609419312,-15.828590206350079,11.401090761020315
13.916914887165682,-8.926759371909666,9.141920566571784
-90.69043713520894,17.030988759181376,13.690679590845189
51.708280858537385,20.1841992823239,6.767009192313048
-83.63075773912462,-8.671584197883533,13.43821088427786
29.612505386695368,4.67656747113351,8.239016037945564
73.08108548837755,-5.897415672222241,4.938349562418772
58.888258923339855,-9.355150673344488,6.216826969127246
-47.497184399132706,-4.211526832941198,12.022911415229107
-21.643847756859483,-19.062509496052797,10.90780602909285
-3.2010666507153642,-17.034427136652972,10.0404211737802
55.75220738242885,-16.036720887598108,6.4680256814613415
-3.7656750084958217,20.75302477449338,10.050556579055558
10.404725798776568,11.738758004274892,9.329131573195916
68.33122062237047,-15.930523312657087,5.397251117920119
-51.29463273982433,-20.01598562029423,12.191628980928845
21.811263405968585,-16.985550468483794,8.707165323498627
8.851750408343523,8.17137035852596,9.421890214461659
24.7591667291914,-2.5732390818091946,8.536584069658296
26.90195696289606,-7.64452795728127,8.403686424287748
-59.02931214027944,-13.703595177142251,12.505002215347792
-35.48248775290026,4.129656654160559,11.518707787037927
48.637503407269655,-16.010486893126636,6.997679728555008
-70.79509781807458,-7.495189132552078,12.965408412698132
2.052175852638093,5.307397130150719,9.76752642260565
74.86978598554322,16.058213917450868,4.717547679818278
-60.27800296144274,10.954400605807745,12.53598249159938
49.08279880378085,2.7885026676170517,6.955397384647201
-93.38373409684627,-2.1074323175690894,13.795164201858823
-6.264072591765305,15.684531389868834,10.178749682917639
9.071937751464208,-5.19505319624343,9.402798553788536
-87.95471395021217,10.712131792821198,13.592491343867897
-37.751423364895565,-2.378795327519556,11.607816295838822
-97.94009065136012,-3.9772843891832546,13.969700469186881
72.62457261923258,0.16077746898938966,4.972677745344809
-101.06937703896104,14.761871400507442,14.066389477204329
17.312428908579406,2.3913798103240014,8.957857405807633
59.73769414186202,-5.798436692090289,6.150107891542856
18.369473427821376,-13.84065439572077,8.898382753501654
51.02391133206838,-12.453602291686119,6.815696777259163
62.21396724539074,18.335835439245766,5.9325410220272365
-74.86177558690024,1.7246871506077117,13.106034259454136
65.54978054054014,-3.634518282001486,5.6505747501127805
30.110619547395235,-19.650445041773697,8.220309460326556
60.10597913599673,-13.518420223445998,6.109673201685735
29.68932529394558,-19.689300949990884,8.246120211407607
71.92410086773141,-18.242407478731806,5.060771203768432
1.4653123224208475,18.177605818616072,9.788925645054128
-29.560826243505076,0.4244543180785581,11.25442131334446
-73.40989619035108,2.71072069283462,13.046925764287694
-53.20572670533052,-4.211822061348793,12.260152144349734
-27.780585242810183,-11.502943575372546,11.189200199460643
9.237713083363548,-16.642849143164092,9.398567870927112
6.249072298515411,-18.519583994134106,9.5638636442565
68.37770399181959,7.47337668326145,5.387634895514309
51.09429173897347,-0.7548336277024417,6.815020013988136
-61.73220576402818,-6.933143712720183,12.608601700834804
-45.21467632793273,19.33869430960161,11.919313517330298
59.82429750344153,-5.742514694111989,6.1429581794108294
-55.90910678414131,1.947756806742964,12.360003682795238
-71.99862746247659,13.523044586182419,12.99608445297396
-95.19132452579858,-6.899514120613024,13.869818498990176
38.202676046017544,1.1477806324236342,7.705353908123819
-25.77129743392529,-13.194601339116488,11.09968599246455
-87.97436182663324,7.895276753195683,13.583531073956896
36.27659727936544,4.839700925107503,7.822039876867868
-58.9707791480895,2.269500188491464,12.483707797169242
-35.78327484767922,-15.823273082654188,11.542286508204652
-56.16807819409531,19.64520368074513,12.368940883521399
35.18641020764321,15.202679428868263,7.892600086327486
-59.8115871520014,-15.937945876678615,12.53932105420795
-19.097684707811077,9.712243514669696,10.780354996025187
-8.109602258461571,-4.313210518203307,10.273771172498229
24.250553742149147,11.305830658491638,8.55959662693961
61.38075333002981,-13.487751878381301,6.003964381572801
-74.53816298402919,-17.444949223068615,13.093819705885009
-42.505838797917,9.57416609425918,11.817443685511194
-71.71920452346629,-8.991958511300432,12.999514855539902
74.68716293273542,2.682243074271835,4.750287909934905
-27.196602578135877,17.34037690247851,11.152754364709423
35.225111220235135,9.050486619078082,7.891439100228729
57.66266217982465,-6.485005701261887,6.317692222420831
-68.93520618452007,19.448168770191334,12.878546474119632
15.46274218897935,-11.874468009602788,9.058067295393336
32.51106139552572,-3.008043912252233,8.068680124035355
12.965762539113525,1.2414452739783237,9.193167717485364
-25.228148961749763,10.14110382596481,11.065142661314804
-7.556929899552567,-15.563982354372257,10.250315339853932
-31.732713228473326,13.405204890571621,11.353478736007055
36.76005548914602,-6.166621356451072,7.801589242127857
39.93811180143492,-0.5700498836192416,7.593290473661476
72.61494623621594,18.616512354560236,4.961106815754237
40.79176150727044,-12.875924809497043,7.5330818538944495
48.30851268276912,-4.0043559770191015,7.018493449386601
25.568240882028682,8.421768074866021,8.48860735953372
0.9322022748476871,14.485024809252296,9.821431785751024
52.51072933915763,-0.5680732151107408,6.707048414330065
72.39472502168123,-19.585504025238805,5.025755147766469
-49.032253444969925,4.536552799485086,12.084759301775428
52.753922981824594,16.016415478873853,6.692925603104232
7.935559598789444,20.104599787085924,9.450710810354805
-3.4996789348758464,17.180497920003802,10.039348007445515
-92.06134057399733,9.525841522675796,13.741413948529075
-68.26547822481142,-13.8528734104405,12.86845594402059
-3.040218940691234,12.9427483387418,10.025417892379224
18.053725968280855,-14.078133914082146,8.916826937246444
-5.5291046307842535,-13.960686002617344,10.151228643858985
51.003223942981975,-10.601051655890105,6.820761720916202
30.86201695184154,9.526818326832725,8.169756896238582
13.64270522843043,18.17982806062435,9.150888404080838
1.460155248127531,17.5686874350813,9.788874093571048
7.645175721075338,-5.135128781410856,9.479502723751866
12.113991125847882,8.505001716723537,9.244081984978274
-85.12936111261823,-19.398092516131083,13.498039589876534
42.913213294754094,2.1295716462083387,7.386782164679028
44.9037972601346,4.633946418234789,7.2498179540517675
-58.813427911318115,4.536323067233954,12.472704203862108
27.442990356088455,5.495177216875948,8.37166827147476
62.178341915978905,3.661408313162958,5.940827419389991
-3.282809559510969,16.17508323357305,10.02923803956614
-6.283558275127002,-18.787211945058036,10.209730245271976
-31.690875153647536,17.144985121005906,11.348118707855576
61.65706284593857,20.322156164758535,5.976277504301952
-2.287607470310159,14.092529512730264,9.987676050210283
-16.457178265313782,-10.623686177672715,10.673195634304054
-45.648692923405065,11.482815735919225,11.949726584355243
-85.07676360891308,-8.012332289340725,13.49068876647235
-81.29892303774137,15.319691091337011,13.350063119254141
16.945927148941802,-9.42235459082202,8.97425996866792
63.95066426520227,1.3484088502403118,5.7825900863538635
72.89989222629954,18.63299610496091,4.933510585725887
-56.25936575270081,20.37773962320559,12.369870045995784
74.44492410110887,-18.934926130357933,4.807511310351817
50.42203084764986,-1.4687356193746093,6.874211532121391
-32.52606385572833,0.0008162723640504161,11.389118134650172
1.4832004412583264,-8.655536181021846,9.797700996610864
28.076317135966978,3.2425628772594974,8.33386781639275
34.453314674148864,8.129546904592468,7.939655005532291
16.81513438341871,4.2559381744447675,8.99217165142202
63.01254030889892,7.094385129989793,5.860917088220722
10.483455113876213,-13.72186534103555,9.32909030362101
-69.77577894624477,6.4675844815122545,12.889806335961145
-29.60327953571258,-10.387737586319524,11.269672000844336
-99.01584492946671,12.207763701029869,13.994854494684859
61.16124807153544,9.445569691242751,6.01744571896101
-46.19894524576177,19.034888745274127,11.958559938064127
42.9722508892124,-11.825522348444904,7.386799002927445
-12.345239262613564,20.198024117683993,10.470407804051359
16.34154035266033,1.481233753485459,9.010573956203395
-26.329111508765678,-19.52982946864803,11.120080868071753
33.5263383237825,-3.316444182550406,8.002616497893635
65.98302641933093,15.20434633600181,5.600966608487734
45.31219404450715,6.471890123772943,7.222863419021546
-68.12648040970129,10.684847157485587,12.844020926041544
-97.84431901476052,-21.372556697926687,13.93646626101676
-28.74604027424832,-16.266213510983256,11.232001722453694
-14.14210147293721,-4.645221704708736,10.563422373621922
40.492276041032554,20.511487657726093,7.54417027234057
61.25900477345899,-11.625608946709596,6.019808601389786
-64.97153554059788,-7.8891975127759055,12.73743990178233
8.369984135329194,-7.28700325527925,9.440574439068481
71.50535903049659,-15.83106850117617,5.0939997793334095
16.187921272450854,12.951696597882533,9.014013925698244
-59.3005918925745,16.913500309765382,12.49482803996274
34.53916679230987,-7.118955558928244,7.94182762108537
4.072104877002171,-16.069445161169348,9.669064045405511
-90.17934819540447,0.033271846453940754,13.666137691854678
-79.8739286377946,-18.83352747773678,13.29537260350783
63.685883119014484,-0.4264800618881286,5.817527538171238
-30.201762099420336,1.8364015362077692,11.281292082603988
44.710625056505606,-0.391990019509374,7.271352367965499
-50.830656467558256,6.104949444838238,12.166240318894802
-19.19350133350635,-11.918753114651942,10.798567830390676
48.13211951621955,12.137701601365938,7.019011309332696
-55.772994380337494,12.739498805119455,12.359739087958724
-0.8114776807316287,19.28292332959332,9.905212922517377
26.485602977064893,-16.853085377321587,8.432194005774583
-78.87097056998138,12.653768846018218,13.25224631214377
66.91392769212759,-17.967339878926975,5.540762356496693
65.18210342942376,-13.215932983827404,5.687019649333593
-79.2871295366351,-15.79852682406896,13.287998338355868
-65.89815559063189,2.512683698626149,12.758277818574939
68.9918973108656,-5.470327345703625,5.334404274369218
-34.727924783093506,2.143613041546583,11.48889289501261
-4.8377810680007505,16.719186932242028,10.106637782094648
41.05198213820704,-14.193016014356813,7.524084321043507
43.419270792568625,4.9243216359405455,7.353076569047167
74.53128310539816,18.87029620851607,4.768212646892223
25.316523187133928,4.473586052468769,8.498646459275104
-42.355632911708945,18.672708120941703,11.801714002808893
26.49725626893573,15.611979566254922,8.4245980719594
36.06993200781698,19.331631377049973,7.8327376379007285
44.44666373958993,20.079671917701454,7.284838665730042
16.299627268784096,14.812845977492481,9.007160462664402
-71.57290036778609,4.202208363744246,12.972007504806648
-73.77860673624683,18.347800086357886,13.063234451399671
-64.7114099330106,-17.67861412476037,12.7227044836138
-26.79123549704053,-1.1371136702332394,11.13277817468135
54.82524216904353,4.5950081536328655,6.52630113707444
-16.1818524298036,8.926452069977017,10.642169398027386
-58.03106107630452,-11.7072902960284,12.46337708545983
0.36634274894970914,-0.4979432618374874,9.856662407342323
47.03858241075095,14.24172739183356,7.105226907596247
-27.1408691082037,4.883188680553758,11.140498467077723
-29.588346024573735,13.463789789513102,11.25734135442645
69.45667610284424,11.962201294070738,5.277751654678082
-77.84876957050882,-10.139297318566074,13.236549656035146
2.846017269986423,1.964668254552896,9.727317982236244
-1.8307116370747747,19.313020466797795,9.955533951559309
49.48217837234427,9.862016598793689,6.926629582000597
-7.453004272860545,16.591676606384944,10.236343890954627
-58.64064674964366,1.9132549683528128,12.469374182579251
6.87096651449397,-13.471576883754715,9.52174764512397
-61.57197922839614,-16.335815938570125,12.591219077113195
59.27846844331906,1.4784737703804658,6.1789940008099995
-95.04540548053699,17.988623895582393,13.839722733135801
44.18458266911293,-12.87864272560057,7.305129847327157
-65.20425960056765,4.647522354180543,12.723988981565126
39.855648215790005,-12.980876233860435,7.596788975939128
36.676808991178746,-4.518220178760634,7.80290274082945
38.39683190419759,20.27544083117379,7.680041119024585
15.716429643542247,-8.169430969347117,9.042182031468528
4.903699701896835,11.885981279584529,9.619289887423534
-52.80930997910799,-2.714847023961665,12.241536062187729
42.476198631766096,12.804480255682954,7.415126478516981
46.07170393354714,-5.9695300821003165,7.17567320969706
-36.540236913501744,-18.45199884250972,11.570236192064307
17.635946463162828,-9.097170253409425,8.934925116986323
-9.259691646726436,-17.190282131757435,10.344280060451085
51.380000543967114,-6.856072807422691,6.794883604225796
-64.26807840895486,-12.583743267177292,12.710744156750975
-28.328423713796138,5.916829811111942,11.200036943548024
39.24476684398258,-16.922914633203227,7.639716510403171
22.458048022486548,11.825733486755444,8.663891162028868
-20.494039282956738,11.407139604686623,10.846507057850404
31.448895457114194,3.3721898582193384,8.129236829773397
51.54348951881089,-14.141546408957824,6.7862500371359
47.2693107487608,-5.2006799200633385,7.093203660217864
59.024036233760526,-11.55895772622266,6.202633881271765
14.533975299605027,11.322850222529235,9.106599267963903
-80.60550776305408,7.919608733033923,13.309150203282305
21.350776311751023,-10.59311146796219,8.726238865089345
60.064636072722834,14.896436819658435,6.108820796637623
-43.73052739926742,12.860154919790618,11.867011777072042
-89.72269818439587,15.114446789812604,13.652442684323637
37.8794413590084,12.86550842760319,7.726815755214945
-9.415562318226636,-1.5190744048137863,10.334656501655846
-37.57051470387531,-16.517672980040714,11.619156216100576
35.20417998328681,-3.9831389041335714,7.89618761856457
-52.411132677361195,9.759480414865063,12.224776208482613
73.7594050916186,-10.84241090288105,4.890493383092352
41.82649137228119,2.8018879203488276,7.459888282377868
58.172691099629056,16.931293796512954,6.26595632220209
-34.19778328749976,20.073641642408067,11.462655455732893
-31.269641680716827,11.57693288639593,11.333703778605102
46.40752091207542,-16.46199568236973,7.151594740147685
63.49478648283612,17.951248611774837,5.821512899063199
-24.00805705605031,-3.5915885974319153,11.018974089603613
5.520806504710351,18.432852531744782,9.580376031079304
-101.77958975818478,-14.921998379342789,14.102304210727068
-74.10898032087427,-14.179583828550768,13.092278653909078
63.147814980724455,-4.569043307715295,5.859920878018377
33.082632977352596,-8.988568173060294,8.025946470033883
-21.12800043734685,19.329258282730823,10.88077913942181
56.60020209413563,-0.5855241482663356,6.397178788065522
-88.80588555431596,-10.13399078083801,13.623346950956886
63.709895272259836,0.42512648866432345,5.811251417678835
-86.76878239314226,9.04356572346479,13.545228948672495
-7.652852952317806,-10.034677349088142,10.252557976908395
-95.40566879632294,-1.3620871799485899,13.863132663646352
-17.94421677181976,15.362449864668319,10.728945096680503
21.036925280848237,2.3392971406303977,8.746218225781899
1.875142778416562,19.630308745640388,9.76809442627776
39.775765630273405,-16.91103739903134,7.6043633371446235
-84.76564797439391,6.9429377631634805,13.462921606933905
0.00011450617350392766,-1.3749195241343528,9.871824765685494
68.12012470044577,10.366283166537094,5.409199144606684
33.51776229333272,14.98724222245066,7.99931260167166
-42.4343322213418,12.73105994383022,11.812276248944436
-97.14706662217161,-4.116520764652878,13.940039002730586
30.125886364282383,-17.639502663230605,8.216211202582784
-74.85759557498332,2.6631112920619104,13.10278053279282
29.70878004391553,-18.907383259967105,8.242402979792802
9.079272016902834,-8.64823489786544,9.402734616004658
18.489195881057995,7.065352430556927,8.897366868141864
-32.14740107087608,-4.546795291002195,11.377939895509087
-62.565708679877694,-17.066974584386433,12.642081996695266
-87.29185562530688,-8.752433543895364,13.57995452821316
31.297363050201056,-17.37171457507005,8.144599232256105
-24.554687408716656,-16.42866930666621,11.039178446828013
-26.916764811666674,-16.390180429592693,11.148939023182441
22.21259326040067,13.447200684583914,8.675157163021012
6.103775330154885,-6.159790520814086,9.559582616248626
64.379120102892,14.648467618439446,5.745827345835362
-38.23782795525184,-7.529452570596315,11.643479392039161
-92.08523197824398,12.435494861086724,13.739759852152067
18.84969887449122,15.458761323167781,8.865358021579148
3.880857537417617,-3.3514226009967336,9.678089754972431
71.668679061666,15.634488158176838,5.053750680858266
10.762975151974358,7.682767751646069,9.319325272740821
36.21456508010975,14.937854749215989,7.829382425131736
-19.343863469140384,10.788062220116604,10.793689450167703
0.48371839185874543,7.083774658080805,9.86423626543018
22.979078433530777,-15.907805646245126,8.638408913477702
41.36589997770463,10.675496350844067,7.496532417422252
-42.58182835715942,12.48228402882655,11.817895100285181
-26.20571072583418,-19.248998199085282,11.113918162306625
68.81522201667013,-17.76735877120678,5.355142765103745
42.8593228633173,-7.28301840635034,7.397326637773503
43.43946441401969,-14.88994112762737,7.359188744109558
-92.85011936086157,16.467605611596593,13.774086620541883
-54.92692219960236,17.52152281802851,12.3200658439352
-7.074616896619958,-18.793023118875436,10.255552954508257
-82.02719108661763,-1.7187215293926605,13.36148665132771
-43.83306230416888,-16.557603858436156,11.886456588706467
65.92708256817771,7.763926980511091,5.608439802457528
69.42779296744533,9.764776880880696,5.277262615432366
-66.40095332627996,-12.567137937381743,12.794687447346297
72.10648967519383,-14.210700482912248,5.031990537748365
54.33890123022878,-5.038500782762319,6.5737785409974645
-39.52864709130218,-16.12057174698485,11.703656186326267
9.563859007800337,-14.761637328459766,9.380553159831168
-93.80540958685164,-2.5833427159127065,13.815057535583332
-44.98388667596693,-19.431046866290853,11.928619031048152
42.046438920106986,-17.206336585377123,7.454484142255194
-84.84539983185739,15.807345932277748,13.48145114062456
-26.222047824829115,-13.652026690278257,11.120693681418876
-24.905262937598184,-0.922911771069163,11.048676282872623
-4.768677165239012,-17.867387894277996,10.122141366331757
-3.985989510788867,-10.506045878916758,10.071009474565432
57.23142244983992,5.503758331123222,6.340508813102497
1.8276082593151644,-13.10840511367413,9.78151051313969
-83.96100396858333,-7.140455673646798,13.447669845788615
-35.76616040386111,8.463824768810138,11.530970716821225
29.182978268130306,7.661960002820602,8.26801450472945
-29.566189909028875,-14.680455660320193,11.266959671247129
24.672820591634984,17.893459625961466,8.527696494265404
10.539167270298618,-7.234882828806941,9.324334503550885
40.256212811681245,9.73645459444965,7.569491030195188
-85.33951903685525,4.712870310093225,13.488933461369365
-88.27574869795562,-14.278810894959637,13.619883631068108
43.85676908705311,-18.380943050541454,7.33036179299157
59.1565319396698,-15.11782298781617,6.2016506996885
20.98005136306123,15.444291877138108,8.744195208746929
60.15061025139999,1.9565731682411627,6.104426351598561
45.37845452240293,-15.29266537892432,7.224923589346004
-16.79787255913092,9.245706132824735,10.672290007342347
49.598828182878954,-6.208063017569964,6.927792853514194
-32.566022780295405,19.172204164944016,11.390973142997538
-72.5997191277333,13.760450820826058,13.019170423515604
-68.92333451010327,13.411724282173877,12.879048727341283
12.25003073467207,-4.755820006361271,9.23550142858414
-59.2746627224468,2.3636489260803684,12.496381553160669
-55.53534379507638,-18.37322530714513,12.358255983082541
37.98968025281533,-16.169966069021527,7.720778848648586
60.76061738459804,11.450933546112804,6.052194468955816
32.6302147584904,-7.045792044712743,8.063568704032031
26.80577020740479,5.875126736655853,8.409878281210883
-51.191895995244856,-4.925062078602182,12.17681968175027
59.84882332513705,-9.116925582154556,6.138823121809139
60.498885359284344,-19.230192434831313,6.09850203896764
67.60223008935812,-14.546442542952422,5.463464605528031
46.334447146968365,-14.064111798619017,7.158169919471567
-24.320472197101743,-6.413835689354036,11.030764120310696
-2.603414998027782,-15.698336622762577,10.008003191144763
6.828422894587901,0.987826654474521,9.518432454604989
-32.93865383700357,-4.686384012184904,11.412658727749962
-28.444487099630873,18.15902814814138,11.20912257400155
